id,width,height
1,1920,1080
2,1920,1080
3,1920,1080
4,1920,1080
5,1920,1080
6,1920,1080
7,1920,1080
8,1920,1080
11,1920,1080
13,1920,1080
14,1920,1080
15,1920,1080
16,1920,1080
17,1920,1080
18,1920,1080
19,1920,1080
20,1920,1080
21,1920,1080
22,1920,1080
23,1920,1080
24,1920,1080
25,1920,1080
26,1920,1080
28,1920,1080
29,1920,1080
30,1920,1080
31,1920,1080
32,1920,1080
33,1920,1080
34,1920,1080
35,1920,1080
36,1920,1080
37,1920,1080
38,1920,1080
39,1920,1080
40,1920,1080
41,1920,1080
42,1920,1080
43,1920,1080
44,1920,1080
